id,name,description,resource_type,resource_type_id,status,address_street1,address_street2,city,state,zipCode,latitude,longitude,timezone,website,phone,open_by_appointment,appointment_required,accepting_new_clients,usage_limit_count,usage_limit_interval,confidence,rating_average,review_count,subscription_count,regions_served,tags,has_shifts,has_occurrences
ckzhz1ag60002041352j03qbp,"ACT Care Foundation, Inc.",,Food pantry (groceries),FOOD_PANTRY,PUBLISHED,1698 Victory Boulevard,,Castleton Corners,NY,10314,40.6130811,-74.12024869999999,America/New_York,http://www.actcaregroup.com/,(718) 442-7467,False,True,True,,,0.75,2,2,14,,Schedule appointment through Plentiful app,True,True
61,All Saints Church Episcopal Ministry,Call +1 (718) 698-1338 in advance to confirm availability of food.,Food pantry (groceries),FOOD_PANTRY,UNAVAILABLE,2329 Victory Blvd,,New York,NY,10314,40.6116815,-74.1414923,America/New_York,https://www.allsaintswillowbrook.org/,(718) 698-1338,False,True,True,1,MONTH,0.86,2.375,8,25,,Call in advance for services,True,False
cmix8l5o00dqmvoeeqig0c5eh,All Saints Church Episcopal Ministry,"https://www.facebook.com/AllSaintsWillowbrook
https://www.facebook.com/AllSaintsWillowbrook",Food pantry (groceries),FOOD_PANTRY,PUBLISHED,2329 Victory Boulevard,,Mid Island,NY,10314,40.61171179999999,-74.1415923,America/New_York,https://www.allsaintswillowbrook.org/,(718) 698-1338,False,False,True,,,0.55,,0,6,,,True,True
cm5a9r8o50151180vuwtn2824,Assumption-St. Paul's Roman Catholic Church,,Food pantry (groceries),FOOD_PANTRY,PUBLISHED,145 Clinton Avenue,,Mid Island,NY,10301,40.6410485,-74.09756229999999,America/New_York,https://assumptionstpaulsi.com/food-pantry,(718) 727-2672,False,False,True,,,0.73,3,1,7,,,True,True
cm5a9yh5f013hx30wlsgg25jy,Bait-ul Jamaat/House of Community & Richmond Senior Services,"For delivery to housebound elders or people with disabilities, call or text (347) 289-7991
In the month of November and December Distribution will be on 1st and 3rd Thursday of th month",Food pantry (groceries),FOOD_PANTRY,PUBLISHED,192 Corson Avenue,,Mid Island,NY,10301,40.6371787,-74.085403,America/New_York,https://www.hungryonstatenisland.com/area10301.htm,(347) 289-7991,False,False,True,,,0.79,2.3333333333333335,3,9,,"ID required,Seniors only",True,True
132,Bikur Cholim of Staten Island,,Food pantry (groceries),FOOD_PANTRY,UNAVAILABLE,46 Birchland Ave,,New York,NY,10314,40.6028713,-74.1354195,America/New_York,https://www.guidestar.org/profile/13-3267313,(718) 494-4343,False,False,True,,,0.82,,1,9,,,True,False
cmiucga0b06tj3zfmv7z4ftml,Bikur Cholim of Staten Island,**No hrs,Food pantry (groceries),FOOD_PANTRY,PUBLISHED,46 Birchard Avenue,,Manor Heights,NY,10314,40.6028934,-74.13545529999999,America/New_York,,(718) 983-9272,True,False,True,,,0.58,,0,12,,,False,False
cmix9oijj03sa1cfqa5z9r826,By Divine Purpose Christian Center,"https://www.facebook.com/By-Divine-Purpose-Christian-Center-235241703264803/

County or Counties Served: Richmond

Enter at Delafield Ave. behind laundromat. For more information, please call.",Food pantry (groceries),FOOD_PANTRY,PUBLISHED,418 Broadway,,West Brighton,NY,10310,40.63084569999999,-74.116642,America/New_York,,(347) 592-4060,False,False,True,,,0.58,,1,5,,,True,True
cmix9t2qx03sq1cfqhuosyqec,CALM Food Pantry,"https://www.facebook.com/CALM-Church-197795737072286

https://www.instagram.com/calmchurch

https://twitter.com/CalmChurch

For more information, please call.

County or Counties Served: Richmond",Food pantry (groceries),FOOD_PANTRY,PUBLISHED,121 Grandview Avenue,,Mariners Harbor,NY,10303,40.6364776,-74.1649311,America/New_York,https://calmchurch.org/,(718) 273-0372,False,False,True,,,0.55,,0,4,,,True,True
cmbg203wn0071tn2skq0nf56m,CHASI MFP -  Arthur Kill Rd & Revere Lane,,Food pantry (groceries),FOOD_PANTRY,PUBLISHED,3 Revere Lane,,Richmond,NY,10306,40.569453,-74.1499707,America/New_York,,(718) 873-6270,False,False,True,,,0.86,2,3,15,,,True,True
cmbg204i1007dtn2s0ympgjaz,CHASI MFP -  Woodrow Road,,Food pantry (groceries),FOOD_PANTRY,PUBLISHED,1075 Woodrow Rd,,Staten Island,NY,10312,40.542915,-74.200233,America/New_York,,(718) 873-6270,False,False,True,,,0.8,3,2,16,,,True,True
cma7rco6f00entx2sawndip8k,CHASI MFP - Arlington Houses,,Food pantry (groceries),FOOD_PANTRY,PUBLISHED,35 Holland Ave,,Staten Island,NY,10303,40.639278,-74.170372,America/New_York,https://chasiny.org/services/food-pantry-mobile-food-pantry/,(718) 808-1300,False,False,True,,,0.84,2.5,3,9,,ID required,True,True
cma7rco1i00edtx2sfg1kmhjz,CHASI MFP - Cassidy Apartments,,Food pantry (groceries),FOOD_PANTRY,PUBLISHED,145 Cassidy Pl,,Staten Island,NY,10301,40.642391,-74.097244,America/New_York,https://chasiny.org/services/food-pantry-mobile-food-pantry/,(718) 873-6270,False,False,True,,,0.89,,1,4,,,True,True
clwgkog1o00frb6xue0seol16,CHASI MFP - Cedar grove ave,There is no income requirement for food pantry services. All are welcome. Everything is free. Please bring personal identification with you and proof of household size if you have it.,Food pantry (groceries),FOOD_PANTRY,PUBLISHED,127 Cedar Grove Avenue,,New Dorp Beach,NY,10306,40.5615497,-74.1002682,America/New_York,https://chasiny.org/services/food-pantry-mobile-food-pantry/,(718) 873-6270,False,False,True,,,0.89,2,3,9,,ID required,True,True
cma7rcnby00drtx2spo4rbslj,CHASI MFP - Clove Lakes Park,,Food pantry (groceries),FOOD_PANTRY,PUBLISHED,1 Seneca Avenue,,Sunnyside,NY,10301,40.6159618,-74.1045595,America/New_York,https://chasiny.org/services/food-pantry-mobile-food-pantry/,(718) 873-6270,False,False,True,,,0.84,,1,5,,,True,True
cma7rcn3100dhtx2sf8cab277,CHASI MFP - Clove Road,,Food pantry (groceries),FOOD_PANTRY,PUBLISHED,1950 Clove Road,,Concord,NY,10304,40.60443679999999,-74.08713929999999,America/New_York,https://chasiny.org/services/food-pantry-mobile-food-pantry/,(718) 808-1300,False,False,True,,,0.84,,0,11,,,True,True
cm9kctx2q00kvw72bgegxafy7,CHASI MFP - Ebbits St. & Mill Road,,Food pantry (groceries),FOOD_PANTRY,PUBLISHED,38 Ebbitts Street,,New Dorp Beach,NY,10306,40.564319,-74.1101431,America/New_York,https://chasiny.org/services/food-pantry-mobile-food-pantry/,(718) 873-6270,False,False,True,,,0.84,2,5,17,,ID required,True,True
cma7rcmno00d4tx2svtsbv5ga,CHASI MFP - Forest Ave,,Food pantry (groceries),FOOD_PANTRY,PUBLISHED,1504 Forest Avenue,,Port Richmond,NY,10302,40.6240904,-74.1388432,America/New_York,https://chasiny.org/services/food-pantry-mobile-food-pantry/,(718) 873-6270,False,False,True,,,0.89,3,3,18,,ID required,True,True
cma7rch30008wtx2s71dxrg40,CHASI MFP - Grandview ave and Brabant st,,Food pantry (groceries),FOOD_PANTRY,PUBLISHED,349 Grandview Avenue,,Mariners Harbor,NY,10303,40.6321577,-74.1652481,America/New_York,https://chasiny.org/services/food-pantry-mobile-food-pantry/,(718) 873-6270,False,False,True,,,0.9,2,3,12,,ID required,True,True
cm9xr9coq0063042btzmcy94c,CHASI MFP - Great Kills Senior Center,,Food pantry (groceries),FOOD_PANTRY,PUBLISHED,11 Sampson Ave,,Staten Island,NY,10308,40.552418,-74.149529,America/New_York,https://chasiny.org/services/food-pantry-mobile-food-pantry/,(718) 873-6270,False,False,True,,,0.89,2,3,22,,ID required,True,True
cma7rcm7q00cqtx2syo7gkv4h,CHASI MFP - Jersey St. & Hendricks Avenue,,Food pantry (groceries),FOOD_PANTRY,PUBLISHED,348 Jersey Street,,New Brighton,NY,10301,40.6398776,-74.0873529,America/New_York,https://chasiny.org/services/food-pantry-mobile-food-pantry/,(718) 873-6270,False,False,True,,,0.84,2,3,8,,,True,True
cma7rclqy00cetx2shti8iaar,CHASI MFP - Lincoln Ave & Colfax Ave,,Food pantry (groceries),FOOD_PANTRY,PUBLISHED,145 Lincoln Avenue,,Midland Beach,NY,10306,40.5788391,-74.1074129,America/New_York,,(718) 873-6270,False,False,True,,,0.9,2.3333333333333335,3,12,,,True,True
cma7rcld300c2tx2sq4cnohx8,CHASI MFP - Manor Rd. & So. Gannon Avenue,By CVS,Food pantry (groceries),FOOD_PANTRY,PUBLISHED,774 Manor Rd,,Staten Island,NY,10314,40.608814,-74.12191,America/New_York,https://chasiny.org/services/food-pantry-mobile-food-pantry/,(718) 873-6270,False,False,True,,,0.84,2,1,8,,,True,True
cma7rckwn00bqtx2s5nyo0wp5,CHASI MFP - Midland Ave & Olympia Blvd,,Food pantry (groceries),FOOD_PANTRY,PUBLISHED,568 Midland Avenue,,Midland Beach,NY,10306,40.5724728,-74.09338369999999,America/New_York,https://chasiny.org/services/food-pantry-mobile-food-pantry/,(718) 873-6270,False,False,True,,,0.87,2.6,5,16,,,True,True
cm9kctwv400klw72b3ng0aigv,CHASI MFP - N. Brielle Avenue,,Food pantry (groceries),FOOD_PANTRY,PUBLISHED,460 Brielle Ave,,Staten Island,NY,10314,40.592644,-74.129654,America/New_York,https://chasiny.org/services/food-pantry-mobile-food-pantry/,(718) 873-6270,False,False,True,,,0.88,2,1,2,,ID required,True,True
cm9xr9c3q005r042b6307iics,CHASI MFP - New Lane,,Food pantry (groceries),FOOD_PANTRY,PUBLISHED,70 New Ln,,Staten Island,NY,10305,40.612881,-74.061913,America/New_York,https://chasiny.org/services/food-pantry-mobile-food-pantry/,(718) 873-6270,False,False,True,,,0.84,2,2,7,,ID required,True,True
cma7rckhe00bctx2si2obi5pt,CHASI MFP - Norway Avenue & Reid Avenue,,Food pantry (groceries),FOOD_PANTRY,PUBLISHED,1 Reid Avenue,,Arrochar,NY,10305,40.5942698,-74.0791545,America/New_York,https://chasiny.org/services/food-pantry-mobile-food-pantry/,(718) 873-6270,False,False,True,,,0.6,3,5,14,,,True,True
cma7rck3100b0tx2sy739rqcy,CHASI MFP - Richmond Rd. & Dongan Hills Ave.,,Food pantry (groceries),FOOD_PANTRY,PUBLISHED,1689 Richmond Road,,Todt Hill,NY,10304,40.5889465,-74.1022436,America/New_York,https://chasiny.org/services/food-pantry-mobile-food-pantry/,(718) 873-6270,False,False,True,,,0.89,,2,12,,,True,True
clwaw1ly101tfowo91fyxl37c,CHASI MFP - Richmond hill road,There is no income requirement for food pantry services. All are welcome. Everything is free. Please bring personal identification with you and proof of household size if you have it.,Food pantry (groceries),FOOD_PANTRY,PUBLISHED,94 Richmond Hill Road,,New Springville,NY,10314,40.58659859999999,-74.1651031,America/New_York,https://chasiny.org/services/food-pantry-mobile-food-pantry/,(718) 808-1300,False,False,True,,,0.79,,0,15,,ID required,True,True
cm6riauc200770d29h928eh09,CHASI MFP - St. Mary's Episcopal Church,,Food pantry (groceries),FOOD_PANTRY,PUBLISHED,347 Davis Ave,,Staten Island,NY,10310,40.635242,-74.108421,America/New_York,https://chasiny.org/services/food-pantry-mobile-food-pantry/,(718) 808-1300,False,False,True,,,0.84,,0,3,,ID required,True,True
cm9xr9blg005f042b4q83ah62,CHASI MFP - Sun River Health,,Food pantry (groceries),FOOD_PANTRY,UNAVAILABLE,57 Bay St,,Staten Island,NY,10301,40.640629,-74.075409,America/New_York,https://chasiny.org/services/food-pantry-mobile-food-pantry/,(718) 873-6270,False,False,True,,,0.79,2,2,8,,,False,False
cm9xr9dtn006z042bklaae63f,CHASI MFP - Targee St & Osgood Ave,,Food pantry (groceries),FOOD_PANTRY,PUBLISHED,33 Osgood Avenue,,Clifton,NY,10304,40.6190123,-74.0847789,America/New_York,https://chasiny.org/services/food-pantry-mobile-food-pantry/,(718) 873-6270,False,False,True,,,0.85,,0,5,,"ID required,Schedule appointment through Plentiful app",True,True
cma7rcj6100a9tx2sweomm47k,CHASI MFP - Tysens Ln. & Falcon Ave.,,Food pantry (groceries),FOOD_PANTRY,PUBLISHED,614 Tysens Lane,,Oakwood,NY,10306,40.5627347,-74.1143591,America/New_York,https://chasiny.org/services/food-pantry-mobile-food-pantry/,(718) 873-6270,False,False,True,,,0.86,2,2,21,,,True,True
cm9xr9ay50053042biiweipl0,CHASI MFP - Vanderbilt Ave & Osgood Ave,,Food pantry (groceries),FOOD_PANTRY,PUBLISHED,299 Vanderbilt Avenue,,Clifton,NY,10304,40.6177946,-74.0811062,America/New_York,https://chasiny.org/services/food-pantry-mobile-food-pantry/,(718) 873-6270,False,False,True,,,0.89,1,1,2,,ID required,True,True
cma7rcinq009wtx2slvufjxyu,CHASI MFP - Victory Blvd. & Winthrop Place,,Food pantry (groceries),FOOD_PANTRY,PUBLISHED,60 Winthrop Place,,Castleton Corners,NY,10314,40.6131774,-74.121406,America/New_York,https://chasiny.org/services/food-pantry-mobile-food-pantry/,(718) 873-6270,False,False,True,,,0.84,,1,10,,,True,True
cma7rci4y009ktx2sk304hkwk,CHASI MFP - Warren St. & Hill St.,,Food pantry (groceries),FOOD_PANTRY,PUBLISHED,99 Hill Street,,Clifton,NY,10304,40.6208385,-74.0818887,America/New_York,https://chasiny.org/services/food-pantry-mobile-food-pantry/,(718) 873-6270,False,False,True,,,0.87,,0,9,,ID required,True,True
cma7rchin0098tx2s5q2p8x16,CHASI MFP - West Brighton Senior Center,,Food pantry (groceries),FOOD_PANTRY,PUBLISHED,230 Broadway,,Staten Island,NY,10310,40.635834,-74.117714,America/New_York,https://chasiny.org/services/food-pantry-mobile-food-pantry/,(718) 808-1300,False,False,True,,,0.89,2.5,2,20,,ID required,True,True
cma7rcgip008ktx2seh481cwb,CHASI MFP - YMCA,,Food pantry (groceries),FOOD_PANTRY,PUBLISHED,3939 Richmond Ave,,Staten Island,NY,10312,40.542557,-74.162788,America/New_York,https://chasiny.org/services/food-pantry-mobile-food-pantry/,(718) 873-6270,False,False,True,,,0.89,2,2,19,,ID required,True,True
cma7rcfxz0088tx2so1rhd0nq,CHASI MFP- Ocean Ave & Drury Ave,"There is no income requirement for food pantry services. All are welcome. Everything is free. Please bring personal identification with you and proof of household size if you have it.

CHASI is using Plentiful to improve your service and to make it easier for you to find other pantries to meet your needs. Text the word “FOOD” to PANTRY (726-879) from any phone to get the Plentiful app, or bring your ID and we’ll help you connect!",Food pantry (groceries),FOOD_PANTRY,PUBLISHED,1 Drury Avenue,,South Beach,NY,10305,40.5942,-74.0618625,America/New_York,https://chasiny.org/services/food-pantry-mobile-food-pantry/,(718) 873-6270,False,False,True,,,0.89,3,1,8,,ID required,True,True
clwgomotl03x8b6xudw77a57o,CHASI Mobile Food Pantry @ Seaview Hospital,There is no income requirement for food pantry services. All are welcome. Everything is free. Please bring personal identification with you and proof of household size if you have it.,Food pantry (groceries),FOOD_PANTRY,UNAVAILABLE,460N Brielle Avenue,,Mid Island,NY,10314,40.5925415,-74.1299008,America/New_York,https://chasiny.org/services/food-pantry-mobile-food-pantry/,(718) 873-6270,False,False,True,,,0.67,,0,0,,ID required,True,False
cma7rcjm800altx2sk8gbmw6f,CHASI Storefront Food Pantry,,Food pantry (groceries),FOOD_PANTRY,PUBLISHED,2134 Richmond Terrace,,Port Richmond,NY,10302,40.6401964,-74.13431539999999,America/New_York,https://chasiny.org/services/food-pantry-mobile-food-pantry/,(718) 808-1300,False,False,True,,,0.88,2,5,11,,,True,True
80,CYO Community Center,,Food pantry (groceries),FOOD_PANTRY,PUBLISHED,120 Anderson Ave,,Staten island,NY,10302,40.634697,-74.134636,America/New_York,,(718) 447-6330,False,False,True,,,0.92,2.3333333333333335,17,49,,"ID required,First come, first serve: open until food runs out",True,True
1347,Calvary Assembly Of GOD,On-site registration required,Food pantry (groceries),FOOD_PANTRY,PUBLISHED,4055 Richmond Avenue,,Staten Island,NY,10312,40.539848,-74.160332,America/New_York,https://calvarysi.com/,(718) 356-4555,False,False,True,,,0.85,3,8,36,,"ID required,Must bring own bags/cart,Registration required",True,True
cmiuchvi4072l1jeekb5rhsal,Calvary Assembly of God,,Food pantry (groceries),FOOD_PANTRY,PUBLISHED,4055 Richmond Avenue,,Eltingville,NY,10312,40.539728,-74.16043239999999,America/New_York,,(718) 356-4555,False,False,True,,,0.55,2,1,4,,,True,True
183,Cassidy Coles Senior Center at NYCHA Cassidy - Lafayette Houses,,Food pantry (groceries),FOOD_PANTRY,PUBLISHED,125 Cassidy Pl,,Staten Island,NY,10301,40.642467,-74.096481,America/New_York,,(718) 447-6330,False,False,True,,,0.99,,1,16,,"ID required,First come, first serve: open until food runs out",True,True
cm9h67ifk00s8y30x2dk15i1d,Cathedral Family Life Center,,Food pantry (groceries),FOOD_PANTRY,UNAVAILABLE,59 Wright Street,,Stapleton Heights,NY,10304,40.6274269,-74.07834079999999,America/New_York,https://www.centralfamilylifecenter.org/,(718) 273-8414,False,False,True,,,0.69,,0,0,,,False,False
210,"Catholic Charities Community Services, Our Lady of Mt. Carmel - Mobile Food Pantry",,Food pantry (groceries),FOOD_PANTRY,UNAVAILABLE,1265 Castleton Ave,,New York,NY,10310,40.63419529999999,-74.1247759,America/New_York,https://olmcv.org,(718) 442-3411,False,False,True,,,0.74,2,2,5,,,True,False
cmewx5f8i016vv1fn8lu0wzro,Catholic Charities at Cassidy Coles,"(718) 447-6330, Ext. 2884",Food pantry (groceries),FOOD_PANTRY,PUBLISHED,125 Cassidy Place,,Mid Island,NY,10301,40.6422563,-74.0964201,America/New_York,https://www.hungryonstatenisland.com/area10301.htm,(718) 447-6330,False,False,True,,,0.76,,1,1,,,True,True
cmli795ru02f7yjfsmczpizy5,Catholic Charities of Staten Island,,Meal delivery,MEAL_DELIVERY,PUBLISHED,6581 Hylan Boulevard,,Charleston,NY,10309,40.5117007,-74.22162209999999,America/New_York,https://www.cc-si.org/,(718) 317-2803,False,False,True,,,0.54,,0,0,,Community services,False,False
clwi23yom00cvznqo9ijvhev8,Catholic Charities of Staten Island Food Trucks @ St. Joseph's Church,"718) 447-6330, Ext. 2884",Food pantry (groceries),FOOD_PANTRY,UNAVAILABLE,463 Tompkins Avenue,,Rosebank,NY,10305,40.6144294,-74.0724226,America/New_York,,(718) 447-6330,False,False,True,,,0.72,,0,3,,,True,False
1505,Christ Abundant Life Ministries,,Food pantry (groceries),FOOD_PANTRY,PUBLISHED,121 Grandview Avenue,,Staten island,NY,10303,40.636486,-74.164726,America/New_York,,(718) 273-0372,False,False,True,,,0.98,2,3,28,,"First come, first serve: open until food runs out",True,True
295,Christian Pentecostal Church,,Food pantry (groceries),FOOD_PANTRY,PUBLISHED,900 Richmond Road,,Todt Hill,NY,10304,40.6048581,-74.0922882,America/New_York,https://www.cpc900.org/our-ministries,(347) 613-0390,False,False,True,1,WEEK,0.7,2.25,4,11,,"ID required,Other social services available,First come, first serve: open until food runs out,Registration required,Diapers/baby essentials may be available,Clothing may be available",True,True
cmiucw6qj06sf5agxuchyhgb2,Christian Pentecostal Church,,Food pantry (groceries),FOOD_PANTRY,PUBLISHED,900 Richmond Road,,Todt Hill,NY,10304,40.6048583,-74.09203029999999,America/New_York,,(718) 273-5850,False,False,True,,,0.58,,0,0,,,True,True
1321,City Harvest Mobile Market - The Stapleton,"Through our Mobile Market, we distribute free fruits and vegetables, to our community twice each month
Must be a Staten Island resident to receive food

Eligible if you participate in programs at the Stapleton Houses Senior Center or live in the Berry, Cassidy Coles, New Lane, Richmond Terrace, South Beach,or Stapleton NYCHA Houses or residents of 10301, 10304, 10305, or 10310",Food pantry (groceries),FOOD_PANTRY,PUBLISHED,75 Hill St,,Staten Island,NY,10304,40.632816,-74.162819,America/New_York,https://www.cityharvest.org/programs/mobile-markets/,(866) 444-0244,False,False,True,,,0.99,2,1,8,,"ID required,Must bring own bags/cart,First come, first serve: open until food runs out",True,True
325,College of Staten Island Campus Pantry,,Food pantry (groceries),FOOD_PANTRY,UNAVAILABLE,2800 Victory Blvd,,New York,NY,10314,40.6087355,-74.15343229999999,America/New_York,https://csitoday.com/2016/02/csi-food-pantry/,(718) 982-3088,False,True,True,,,0.7,,0,3,,Students & staff only,True,False
cm9xr9d5g006f042bz0w9wqfs,Community Health Action of Staten Island,"Tuesday 10 am - 2 pm
Wednesday 2 pm - 6 pm
Friday 12pm - 4 pm
Saturday 10 am - 2 pm.

come before 15 mins before closing time",Food pantry (groceries),FOOD_PANTRY,PUBLISHED,2134 Richmond Terrace,,Port Richmond,NY,10302,40.6401964,-74.13431539999999,America/New_York,https://chasiny.org/services/food-pantry-mobile-food-pantry/,(718) 873-6270,False,False,True,1,MONTH,0.9,2.5,4,11,,"ID required,Must bring own bags/cart",True,True
332,Community Health Action of Staten Island - Community Food Pantry,Mobile Food Pantry Scheduled available here: linktr.ee/chasinyc.,Food pantry (groceries),FOOD_PANTRY,PUBLISHED,2134 Richmond Ter,,New York,NY,10302,40.6401964,-74.13431539999999,America/New_York,linktr.ee/chasinyc,(718) 808-1840,False,False,True,1,MONTH,0.93,2.5217391304347827,33,47,,"ID required,Must bring own bags/cart,Other social services available,Registration required",True,True
cmbv3coo100ubwh0wvvwij1h6,Council of Jewish Organization of S.I.,,Food pantry (groceries),FOOD_PANTRY,PUBLISHED,93 Park Avenue,,Port Richmond,NY,10302,40.6381751,-74.1315315,America/New_York,,(718) 720-4047,False,False,True,,,0.84,,1,3,,,True,True
258,Curtis Community School Food Club,,Food pantry (groceries),FOOD_PANTRY,UNAVAILABLE,105 Hamilton Avenue,Room 133,Staten Island ,NY,10301,40.645187,-74.081657,America/New_York,https://www.facebook.com/CurtisHighSchool/about/,(718) 390-1851,False,False,True,,,0.45,,0,0,,,False,False
clyfdgrdw024kh35sej6vwdzk,Curtis High School,,Food pantry (groceries),FOOD_PANTRY,UNAVAILABLE,105 Hamilton Ave,,Staten Island,NY,10301,40.645393,-74.082176,America/New_York,,(646) 630-1362,False,False,True,,,0.74,,0,1,,,False,False
315,El Centro Del Inmigrante,,Food pantry (groceries),FOOD_PANTRY,PUBLISHED,221 Harrison Avenue,,Port Richmond,NY,10302,40.63696480000001,-74.1400391,America/New_York,http://elcentronyc.org/,(347) 825-2086,False,False,True,,,0.5,2.6666666666666665,9,49,,"ID required,First come, first serve: open until food runs out",True,True
cmiud99x306xu3zfmals2selt,El Centro del Inmigrante,Please call if an emergency.,Food pantry (groceries),FOOD_PANTRY,PUBLISHED,260 Port Richmond Avenue,,Port Richmond,NY,10302,40.635003,-74.13571499999999,America/New_York,,(347) 825-2086,False,False,True,,,0.58,,0,0,,Call in advance for services,True,True
cm5b4ng1f0081yw0uef43o1gv,Everyone Eats SI,,Food pantry (groceries),FOOD_PANTRY,UNAVAILABLE,88 New Dorp Plaza,,New Dorp,NY,10306,40.5727746,-74.1174352,America/New_York,https://www.facebook.com/everyoneeatssi,(718) 925-9056,False,False,True,,,0.73,,0,0,,Call in advance for services,False,False
cla5wovug0000l60fq1o3y08l,"FAITH UNITED METHODIST CHURCH, STATEN ISLAND",,Food pantry (groceries),FOOD_PANTRY,PUBLISHED,221 Heberton Avenue,,Port Richmond,NY,10302,40.6352159,-74.1322339,America/New_York,https://fumcsi.wixsite.com/faithumcsi,(718) 273-9666,False,False,True,,,0.39,2,2,5,,Diapers/baby essentials may be available,True,True
cmix9kpd60doy5agxax60i0wj,Feeding With TLC,County or Counties Served: Richmond,Food pantry (groceries),FOOD_PANTRY,PUBLISHED,309 Saint Pauls Avenue,,Mid Island,NY,10304,40.6303116,-74.08141049999999,America/New_York,,(718) 447-0526,False,False,True,,,0.58,,0,1,,ID required,True,True
cml7mdmoz00iqze42g81uo7o8,"Feeding with TLC, Inc.",,Food pantry (groceries),FOOD_PANTRY,PUBLISHED,175 Beach St,,STATEN ISLAND,NY,10304,40.629986,-74.081329,America/New_York,trinitylutheransi@tlcsi.org,(718) 447-0526,False,False,True,,,0.45,,0,0,,,False,False
324,First United Christian Church,,Food pantry (groceries),FOOD_PANTRY,PUBLISHED,109 Victory Boulevard,,Mid Island,NY,10301,40.6377232,-74.08025789999999,America/New_York,https://www.fuccstatenislandny.com/food-pantry,(347) 825-3181,False,False,True,,,0.9,2.25,15,27,,,True,True
ckxexc1nr11320413ppwz2bjk,Forest Ave Community Fridge,"Open 24/7! Free, outdoor community fridge/pantry operated by local volunteers.",Community fridge,COMMUNITY_FRIDGE,PUBLISHED,2142 Forest Avenue,,New York,New York,10303,40.6263593,-74.1609226,America/New_York,https://www.instagram.com/forestavefridge/,,False,False,True,,,0.74,,0,2,,,False,False
cmfqdh0j401x6yz2amnrd6gdq,H.E.A.L.T.H for Youths,"H.E.A.L.T.H for Youths provides free, fresh food through its pop-up pantry.

",Food pantry (groceries),FOOD_PANTRY,PUBLISHED,120 Victory Blvd,,Staten Island,NY,10301,40.637241,-74.08046,America/New_York,https://www.health4youths.org/,(347) 489-3060,False,False,True,,,0.9,,0,1,,Registration required,True,True
cmiudz10307n1ywebj4kc09s6,Harvest Food Pantry,until food runs out,Food pantry (groceries),FOOD_PANTRY,PUBLISHED,402 Bay Street,,Mid Island,NY,10301,40.6323727,-74.0762259,America/New_York,,(347) 351-1106 or (347) 285-6384,False,False,True,,,0.58,,0,1,,,True,True
cmj0g3eld032o2dh3zdpimdu4,Healthy Keepers,	Scan QR code to get registered https://web.facebook.com/groups/StatenIslandCommunityCalendar/posts/25548744914761478/?_rdc=1&_rdr#,Food pantry (groceries),FOOD_PANTRY,PUBLISHED,2032 Richmond Terrace,,Port Richmond,NY,10302,40.6400452,-74.1310956,America/New_York,https://web.facebook.com/groups/StatenIslandCommunityCalendar/posts/25548744914761478/?_rdc=1&_rdr#,,False,False,True,,,0.68,,0,2,,,False,False
485,Holy Rosary Church,,Food pantry (groceries),FOOD_PANTRY,PUBLISHED,80 Jerome Ave,,New York,NY,10305,40.5952918,-74.0760463,America/New_York,https://www.hrosarychurch.com/,(718) 727-3360,False,False,True,1,MONTH,0.64,2.8,11,18,,"ID required,Proof of address required",True,True
cmix9zrsz03tp1cfq280et1nl,Holy Rosary Church Food Pantry,"For more information, please call.


County or Counties Served: Richmond",Food pantry (groceries),FOOD_PANTRY,PUBLISHED,120 Jerome Avenue,,Arrochar,NY,10305,40.5952452,-74.0758793,America/New_York,http://www.hrosarychurch.com/,(718) 727-3360,False,False,True,,,0.52,3,2,3,,,True,True
1487,Immaculate Conception Church,,Food pantry (groceries),FOOD_PANTRY,PUBLISHED,128 Targee Street,,Stapleton Heights,NY,10304,40.62395679999999,-74.084054,America/New_York,http://www.hungryonstatenisland.com/pantries.htm,(718) 447-6330,False,False,True,,,0.82,2,1,11,,"ID required,First come, first serve: open until food runs out",True,True
1456,JCC of Staten Island's Kosher Food Pantry,Online registeration https://market.metcouncil.org/s/?language=en_US,Food pantry (groceries),FOOD_PANTRY,PUBLISHED,1466 Manor Road ,,Staten Island ,NY,10314,40.594975,-74.126389,America/New_York,sijcc.org,(718) 475-5245,True,False,True,2,MONTH,0.97,2.3,12,30,,"Diapers/baby essentials may be available,Kosher food available,Schedule appointment through Plentiful app",True,True
cm5b57a9w00axwd0uw1xzcqfv,"Jacob's Well, Our Lady of Pity's Gym","Applications will be available on Thursday during our hours of operation.

On-site registration required",Food pantry (groceries),FOOD_PANTRY,PUBLISHED,1616 Richmond Avenue,,Bulls Head,NY,10314,40.6088628,-74.1620855,America/New_York,https://jacobswellfoodpantry.com/,(347) 215-1818,False,False,True,,,0.72,,2,14,,Registration required,True,True
cllx9recx02xw164ubjn3kr4k,La Colmena,,Food pantry (groceries),FOOD_PANTRY,PUBLISHED,774 Port Richmond Ave,,Staten Island,NY,10304,40.62537,-74.144569,America/New_York,https://www.lacolmenanyc.org/,(718) 442-7700,False,False,True,1,WEEK,0.7,2.8,14,33,,,True,True
cmg5esae807qwz8gvh2ahpoi8,Masjid Al Ishan,,Food pantry (groceries),FOOD_PANTRY,PUBLISHED,406 Saint Marks Place,,Mid Island,NY,10301,40.6398113,-74.0776934,America/New_York,https://www.munassinc.org/locations/,(917) 267-8136,False,False,True,,,0.76,,2,7,,,True,True
745,Meals on Wheels of Staten Island,- Call 7189816226 ext 177 if intrested in meal deliveries.,Meal delivery,MEAL_DELIVERY,PUBLISHED,304 Port Richmond Ave,,New York,NY,10302,40.6341816,-74.1362453,America/New_York,https://www.mealsonwheelsofstatenisland.com/,(718) 727-4435,False,False,True,,,0.68,,0,7,STATEN_ISLAND,"Call in advance for services,Seniors only,Registration required",True,True
669,Mesivtha of Staten Island,,Food pantry (groceries),FOOD_PANTRY,PUBLISHED,1870 Drumgoole Rd E,,New York,NY,10309,40.5274306,-74.2141716,America/New_York,http://hungryonstatenisland.com/pantries.htm,(718) 356-5412,False,False,True,,,0.8,2,2,21,,,True,True
cmiue5nua06y55agxq94vs4ms,Mesivtha of Staten Island,,Food pantry (groceries),FOOD_PANTRY,PUBLISHED,1870 Drumgoole Road East,,Prince's Bay,NY,10309,40.5275375,-74.2143844,America/New_York,,"(718) 356-5412, (718) 356-4323",False,False,True,,,0.55,,0,2,,,True,True
cm5b5zgvw00bcyw0u4j7v68ha,Mount Sinai Community Center,,Food pantry (groceries),FOOD_PANTRY,PUBLISHED,382 Jersey Street,,New Brighton,NY,10301,40.6390503,-74.08761319999999,America/New_York,https://www.hungryonstatenisland.com/area10301.htm,(718) 720-5212,False,False,True,,,0.76,2.2,8,10,,,True,True
cm3olluop00k4ykr55pqy79oz,Mt. Sinai Church,,Food pantry (groceries),FOOD_PANTRY,UNAVAILABLE,15 Pike Street,,Mid Island,NY,10301,40.6365184,-74.0829267,America/New_York,https://www.facebook.com/NYSenatorJSS/photos/please-join-us-for-our-staten-island-turkey-giveaway-in-partnership-with-the-nyc/556280020687002/?_rdr,(718) 720-5212,False,False,True,,,0.74,,0,1,,,False,False
cm5b6gzji00c3zt0v9rdj6dm7,Muslim American Society New York,,Food pantry (groceries),FOOD_PANTRY,PUBLISHED,180 Burgher Avenue,,Dongan Hills,NY,10304,40.5923588,-74.0919564,America/New_York,https://massic.org/,(800) 668-0742,False,False,True,,,0.76,2,4,8,,,True,True
ckzoleca43498903qzf4dcssqjt,NYCHA Todt Hill Houses,lbruno@cc-si.org,Food pantry (groceries),FOOD_PANTRY,PUBLISHED,255 Westwood Avenue,,Staten Island,NY,10314,40.606924,-74.1192092,America/New_York,,(718) 447-6330,False,False,True,,,0.91,2,3,13,,,True,True
cl55nja632604384gyslmy7f3oy,NYMJC HELP CENTER,,Food pantry (groceries),FOOD_PANTRY,PUBLISHED,614 Richmond Road,,Park Hill,NY,10304,40.6115364,-74.088184,America/New_York,https://www.nymjchelpcenter.com/,(718) 421-0007,False,True,True,,,0.75,2.1666666666666665,6,14,,Must bring own bags/cart,True,True
335,"NeON Nutrition Kitchen food pantry, Staten Island",,Food pantry (groceries),FOOD_PANTRY,PUBLISHED,340 Bay St,,Staten Island,NY,10301,40.6339765,-74.0754038,America/New_York,https://www.nyc.gov/site/neon/programs/nutrition-kitchen.page,(718) 273-2167,False,False,True,,,0.89,2.8125,20,22,,,True,True
cmke32ioy021v0wefimqvv6bk,Neighborhood Care Clove Road,"Join EmblemHealth Neighborhood Care as we celebrate the importance of healthy nutrition! Join us for a variety of free food, including a selection of fresh fruits, seasonal vegetables, and non-perishable items.

This event is free and open to the public.

Brought to you by EmblemHealth Neighborhood Care.

*Free while supplies last; no obligation to enroll.",Food pantry (groceries),FOOD_PANTRY,PUBLISHED,1050 Clove Road,,Castleton Corners,NY,10301,40.6196302,-74.1087457,America/New_York,https://events.blackthorn.io/en/1Im19n6/g/n6HjYw3gkW/food-distribution-4a9nHp4ZWy/overview,(888) 447-9120,False,False,True,,,0.74,,0,3,,,False,False
cmewz31bt01ay07exi0cvyr9g,New Brighton Church of God in Christ,,Food pantry (groceries),FOOD_PANTRY,UNAVAILABLE,386 Jersey Street,,New Brighton,NY,10301,40.63897559999999,-74.0876792,America/New_York,https://www.hungryonstatenisland.com/area10301.htm,(347) 626-4526,False,False,True,,,0.79,,2,3,,,True,False
cm5b79wuk00e0wd0uyoq7fp91,New Direction Services,,Food pantry (groceries),FOOD_PANTRY,PUBLISHED,1027 Post Avenue,,Port Richmond,NY,10302,40.63328420000001,-74.13454,America/New_York,https://www.nds-usa.org/,(718) 880-8773,False,False,True,,,0.1,,0,1,,,False,False
747,"New Direction Services, Inc.",,Food pantry (groceries),FOOD_PANTRY,UNAVAILABLE,1027 Post Ave,,New York,NY,10302,40.63330149999999,-74.1345249,America/New_York,https://www.nds-usa.org,(718) 415-5383,False,False,True,,,0.76,,1,13,,,True,False
clz8f6ay50d50ion92o954nrb,New Hope Community Church,,Food pantry (groceries),FOOD_PANTRY,PUBLISHED,77 Alaska Street,,,NY,10310,40.6373756,-74.12049809999999,America/New_York,https://www.newhopesi.com/,(718) 720-3579,False,False,True,,,0.69,2.6666666666666665,3,17,,,True,True
840,New York City Family Justice Centers (FJCs) - Staten Island,,Food pantry (groceries),FOOD_PANTRY,UNAVAILABLE,126 Stuyvesant Pl,,New York,NY,10301,40.6429169,-74.0772726,America/New_York,https://www1.nyc.gov/site/ocdv/get-help/covid-19-update.page,(718) 697-4300,False,False,True,,,0.4,,0,0,,,True,False
cmiuenguw06yz5agxu1a45ll0,Oakwood Heights Community Church,,Food pantry (groceries),FOOD_PANTRY,PUBLISHED,345 Guyon Avenue,,Oakwood,NY,10306,40.5595788,-74.1178022,America/New_York,http://www.myohcc.org/,(718) 351-3667,False,False,True,,,0.59,2,1,2,,,True,True
cmix92vfh0ejeywebbu14qavt,Our Lady Of Good Counsel Church,(New Clients Accepted First Saturday of Every Month),Food pantry (groceries),FOOD_PANTRY,PUBLISHED,10 Austin Place,,Mid Island,NY,10304,40.63206419999999,-74.0869823,America/New_York,,(718) 447-1503,False,False,True,,,0.58,2,1,2,,"ID required,Proof of household income required",True,True
cmiueyepo07auzxedfl0nbg53,Our Lady of Good Counsel Church,New clients accepted 1st Sat. of month,Food pantry (groceries),FOOD_PANTRY,PUBLISHED,42 Austin Place,,Mid Island,NY,10304,40.6311782,-74.08626559999999,America/New_York,,(718) 447-1503,False,False,True,,,0.58,,0,1,,ID required,True,True
869,"Our Lady of Good Counsel Church, Staten Island",,Food pantry (groceries),FOOD_PANTRY,PUBLISHED,42 Austin Pl,,New York,NY,10304,40.63158139999999,-74.08723909999999,America/New_York,https://olgcsi.org/,(718) 447-1503,False,False,True,1,MONTH,0.87,2.4285714285714284,10,24,,"ID required,Proof of address required,Registration required",True,True
cm5nhrkb002q6x829hzxfdf1s,P.S.18 Resource Hub,Call +1 (718) 442-0216 to make an appointment as the food pantry does not have set schedule.,Food pantry (groceries),FOOD_PANTRY,UNAVAILABLE,221 broadway,,Staten Island,NY,10310,40.816319,-73.922806,America/New_York,ps18si.org,(718) 442-0216,False,True,True,,,0.88,3,1,9,,Call in advance for services,True,False
904,Project Hospitality - Mobile Food Pantry @ Mariner's Harbor Houses,,Food pantry (groceries),FOOD_PANTRY,PUBLISHED,20 Roxbury Street,,Staten Island,NY,10303,40.6328725,-74.16272459999999,America/New_York,https://projecthospitality.org/wp-content/uploads/2021/07/mobile-pantry-july-2021-eng-spanish.jpg,(718) 815-0800,False,False,True,,,0.83,1.6666666666666667,3,19,,ID required,True,True
ckyzigoa42527023o1di5mzff8p,Project Hospitality -Parkhill Mobile Pantry,,Food pantry (groceries),FOOD_PANTRY,PUBLISHED,185 Park Hill Avenue,,Staten Island,NY,10304,40.6151882,-74.08210369999999,America/New_York,https://www.africanrefuge.org/,(718) 701-4055,False,False,True,,,0.94,2.5,4,18,,ID required,True,True
cm9uehbc405lbyt0wjjg8io0p,Project Hospitality @ African Refugee Center,This is a mobile pantry maybe it will be late due to the traffic please wait 15 min from the time of arrival,Food pantry (groceries),FOOD_PANTRY,PUBLISHED,185 Park Hill Avenue,,Park Hill,NY,10304,40.615237,-74.0821849,America/New_York,https://projecthospitality.org/,(718) 448-1544,False,False,True,,,0.71,,0,0,,"ID required,First come, first serve: open until food runs out",True,True
clw9ml6do089fzwvgph43l4hk,Project Hospitality @ Bethel Methodist Church,This is a mobile pantry maybe it will be late due to the traffic please wait 15 min from the time of arrival,Food pantry (groceries),FOOD_PANTRY,PUBLISHED,7033 Amboy Road,,Tottenville,NY,10307,40.515556,-74.23473919999999,America/New_York,https://projecthospitality.org/,(718) 448-1544,False,False,True,,,0.73,2.75,5,14,,"ID required,First come, first serve: open until food runs out",True,True
ckxi31irc002204vzn28wxpbd,Project Hospitality @ Carpenter House,,Food pantry (groceries),FOOD_PANTRY,PUBLISHED,385 Jersey Street,,Mid Island,NY,10301,40.6388819,-74.08715149999999,America/New_York,https://projecthospitality.org/,(718) 815-0800,False,False,True,1,WEEK,0.9,1.3333333333333333,9,19,,,True,True
cm9vd0x0603vlxp0wfu8ddieb,Project Hospitality @ Cedar Grove Ave,This is a mobile pantry maybe it will be late due to the traffic please wait 15 min from the time of arrival,Food pantry (groceries),FOOD_PANTRY,PUBLISHED,99 Cedar Grove Avenue,,New Dorp Beach,NY,10306,40.5622657,-74.0998379,America/New_York,https://projecthospitality.org/,(718) 448-1544,False,False,True,1,MONTH,0.87,2.8333333333333335,8,27,,"ID required,First come, first serve: open until food runs out",True,True
cm9udbc9x02bdxp0wg0cdobpw,Project Hospitality @ Dongan Hills Head Start,,Food pantry (groceries),FOOD_PANTRY,PUBLISHED,44 Dongan Hills Avenue,,Midland Beach,NY,10306,40.5876782,-74.1009114,America/New_York,https://projecthospitality.org/,(718) 815-0800,False,False,True,,,0.86,2.5,11,19,,"ID required,First come, first serve: open until food runs out",True,True
cm9ufhurr05am2t0vv30a2pu0,Project Hospitality @ Mariner's Harbor Houses,This is a mobile pantry maybe it will be late due to the traffic please wait 15 min from the time of arrival,Food pantry (groceries),FOOD_PANTRY,PUBLISHED,197 Brabant Street,,Mariners Harbor,NY,10303,40.6321576,-74.16521139999999,America/New_York,https://projecthospitality.org/,(718) 448-1544,False,False,True,,,0.73,2,1,7,,"ID required,First come, first serve: open until food runs out",True,True
cm9vd82zc01awwe0w5aldf37u,Project Hospitality @ Midland Ave,This is a mobile pantry maybe it will be late due to the traffic please wait 15 min from the time of arrival,Food pantry (groceries),FOOD_PANTRY,PUBLISHED,511 Midland Avenue,,Midland Beach,NY,10306,40.5737375,-74.09536159999999,America/New_York,https://projecthospitality.org/,(718) 448-1544,False,False,True,,,0.5,2,11,32,,"ID required,First come, first serve: open until food runs out",True,True
cm9udyuit02z0u80vixg3eox3,Project Hospitality @ SIUH Medical Arts Pavilion,,Food pantry (groceries),FOOD_PANTRY,UNAVAILABLE,242 Mason Avenue,,South Beach,NY,10305,40.5860709,-74.0856927,America/New_York,https://projecthospitality.org/,(718) 448-1544,False,False,True,,,0.75,2,2,1,,"ID required,First come, first serve: open until food runs out",True,False
cm9ve2wwu00b82l0v1ktyighx,Project Hospitality @ Shiloh Zion Church,This is a mobile pantry maybe it will be late due to the traffic please wait 15 min from the time of arrival,Food pantry (groceries),FOOD_PANTRY,PUBLISHED,779 Henderson Avenue,,,NY,10310,40.6370473,-74.1185162,America/New_York,https://projecthospitality.org/,(718) 448-1544,False,False,True,,,0.78,1.5,2,8,,"ID required,First come, first serve: open until food runs out",True,True
cm9udpndq050x2t0vkhr6kpqn,Project Hospitality @ Siuh North,This is a mobile pantry maybe it will be late due to the traffic please wait 15 min from the time of arrival,Food pantry (groceries),FOOD_PANTRY,PUBLISHED,475 Seaview Avenue,,South Beach,NY,10305,40.5845934,-74.0861089,America/New_York,https://projecthospitality.org/,(718) 448-1544,False,False,True,,,0.75,2.6,5,10,,"ID required,First come, first serve: open until food runs out",True,True
1257,Project Hospitality @ South Beach Houses,This is a mobile pantry maybe it will be late due to the traffic please wait 15 min from the time of arrival,Food pantry (groceries),FOOD_PANTRY,PUBLISHED,155 Norway Avenue,,Arrochar,NY,10305,40.5944701,-74.0785932,America/New_York,https://projecthospitality.org/,(718) 815-0800,False,False,True,,,0.85,2.25,8,17,,ID required,True,True
cm9veh00x023zya0uqq0za7v3,Project Hospitality @ St Michael's Church,This is a mobile pantry maybe it will be late due to the traffic please wait 15 min from the time of arrival,Food pantry (groceries),FOOD_PANTRY,PUBLISHED,207 Harbor Road,,Mariners Harbor,NY,10303,40.6313378,-74.1600993,America/New_York,https://projecthospitality.org/,(718) 448-1544,False,False,True,,,0.88,2,6,13,,"ID required,First come, first serve: open until food runs out",True,True
cmex0b8j201fq10gwwbltnucx,Project Hospitality @ St. Paul's Roman Catholic Church,,Food pantry (groceries),FOOD_PANTRY,UNAVAILABLE,129 Clinton Avenue,,Mid Island,NY,10301,40.6414128,-74.0974301,America/New_York,https://www.hungryonstatenisland.com/area10301.htm,(718) 815-0800,False,False,True,,,0.72,,0,2,,"ID required,First come, first serve: open until food runs out",True,False
920,Project Hospitality @ University Hospital Medical Arts Pavilion - ,,Food pantry (groceries),FOOD_PANTRY,UNAVAILABLE,242 Mason Avenue,,South Beach,NY,10305,40.5859742,-74.08540649999999,America/New_York,https://projecthospitality.org/wp-content/uploads/2021/07/mobile-pantry-july-2021-eng-spanish.jpg,(718) 815-0800,False,False,True,,,0.82,1,1,8,,"ID required,First come, first serve: open until food runs out",True,False
cm9uesio900i8ya0uv80fi5yg,Project Hospitality @ Vanderbilt Moravian Church,This is a mobile pantry maybe it will be late due to the traffic please wait 15 min from the time of arrival,Food pantry (groceries),FOOD_PANTRY,PUBLISHED,285 Vanderbilt Avenue,,Clifton,NY,10304,40.6185067,-74.0809024,America/New_York,https://projecthospitality.org/,(718) 448-1544,False,False,True,,,0.73,,1,2,,"ID required,First come, first serve: open until food runs out",True,True
947,Project Hospitality @ Yetman Avenue,This is a mobile pantry maybe it will be late due to the traffic please wait 15 min from the time of arrival,Food pantry (groceries),FOOD_PANTRY,PUBLISHED,332 Yetman Avenue,,Tottenville,NY,10307,40.5084085,-74.243123,America/New_York,https://projecthospitality.org/,(718) 448-1544,False,False,True,,,0.83,,0,8,,"ID required,First come, first serve: open until food runs out",True,True
clog0ggbo0ma3o20fmzud5wbu,Project Hospitality food pantry,"Requires ID for adults and birth certificates for children in the household

On-site registration required",Food pantry (groceries),FOOD_PANTRY,PUBLISHED,205 Canal Street,,Stapleton Heights,NY,10304,40.6252963,-74.0798322,America/New_York,https://projecthospitality.org/,(718) 273-6737,False,False,True,2,MONTH,0.75,2.6666666666666665,7,11,,"ID required,Registration required,Proof of household income required",True,True
clvbcl64509o3el1jrubjijc1,Project Hospitality port richmond,"Requires ID for adults and birth certificates for children in the household

On-site registration required",Food pantry (groceries),FOOD_PANTRY,PUBLISHED,221 Port Richmond Avenue,,Port Richmond,NY,10302,40.6358294,-74.1346167,America/New_York,https://projecthospitality.org/food-pantry-info/,(718) 448-1544,False,False,True,2,MONTH,0.74,2.5,6,14,,"ID required,Registration required",True,True
clog0jtqn0maqo20f94p5plf8,Project Hospitality soup kitchen ,,Soup kitchen (ready-to-eat meals),SOUP_KITCHEN,PUBLISHED,211 Canal Street,,Stapleton Heights,NY,10304,40.625148,-74.07987810000002,America/New_York,https://projecthospitality.org/,(718) 815-0800,False,False,True,,,0.64,2.6666666666666665,3,8,,,True,True
828,"Project Hospitality, Richmond Terrace Houses - Mobile Food Pantry",,Food pantry (groceries),FOOD_PANTRY,UNAVAILABLE,61 Jersey St,,New York,NY,10301,40.64622971020554,-74.08786390030548,America/New_York,https://projecthospitality.org/food-pantry-info/,(718) 815-0800,False,False,True,,,0.74,,0,6,,ID required,True,False
858,"Project Hospitality, Staten Island University Hospital North - Mobile Food Pantry",,Food pantry (groceries),FOOD_PANTRY,PUBLISHED,475 Seaview Ave,,Staten Island,NY,10305,40.58485524247119,-74.08613473099489,America/New_York,https://projecthospitality.org/wp-content/uploads/2021/07/mobile-pantry-july-2021-eng-spanish.jpg,(718) 815-0800,False,False,True,,,0.84,2,4,14,,ID required,True,True
398,Project Hospitality- El Centro del Inmigrante,,Food pantry (groceries),FOOD_PANTRY,PUBLISHED,221 Heberton Avenue,,Staten Island,NY,10302,40.629398,-74.076927,America/New_York,https://www.hungryonstatenisland.com/area10302.htm,(718) 815-0800,False,False,True,1,WEEK,0.94,2,2,14,,ID required,True,True
978,Project Hospitality- Vanderbilt,,Food pantry (groceries),FOOD_PANTRY,PUBLISHED,285 Vanderbilt Avenue,,Staten Island,NY,10304,40.618507,-74.080902,America/New_York,,(718) 815-0800,False,False,True,,,0.95,,1,10,,ID required,True,True
924,Reach Out & Touch Food Pantry,,Food pantry (groceries),FOOD_PANTRY,PUBLISHED,51 Cottage Place,,Staten Island,NY,10302,40.635963,-74.130363,America/New_York,rotmworship.com,(646) 879-7045,False,False,True,,,0.91,2.3333333333333335,10,24,,"Seniors only,Registration required,Toiletries may be available,Diapers/baby essentials may be available,Clothing may be available,Delivery may be available",True,True
clse8or9g00a812fr7t6txp23,Reach Out & Touch Ministries Int'l,,Food pantry (groceries),FOOD_PANTRY,PUBLISHED,51 Cottage Pl,,Staten Island,NY,10302,40.635845,-74.130463,America/New_York,,(718) 442-5007,False,False,True,,,0.89,2.3333333333333335,4,9,,Call in advance for services,True,True
cm5b7tklh00gn030vw5avjsb9,"Rescue Ministries, SI",,Food pantry (groceries),FOOD_PANTRY,PUBLISHED,2083 Richmond Terrace,,,NY,10302,40.6404574,-74.13251559999999,America/New_York,https://www.hungryonstatenisland.com/area10302.htm,(917) 822-0269,False,False,True,,,0.91,,1,4,,,True,True
952,Richmond Senior Services Mobile Food Pantry,"In addition to our food security program, we have Project Share - shared living facilities for seniors who are unable to afford affordable housing. ",Food pantry (groceries),FOOD_PANTRY,PUBLISHED,192 Corson Ave,,New York,NY,10310,40.6345775,-74.1084043,America/New_York,,(718) 816-1811,False,False,True,,,0.7,,0,8,,"ID required,Must bring own bags/cart,Seniors only",True,True
1181,SICS Arrochar Friendship Club,- Must be above 60 years of age,Food pantry (groceries),FOOD_PANTRY,UNAVAILABLE,85 Jerome Ave,,New York,NY,10305,40.596335,-74.075671,America/New_York,https://www.nyconnects.ny.gov/services/arrochar-neighborhood-senior-center-sofanypp1901,(718) 720-6110,False,False,True,,,0.7,,0,1,,"Seniors only,Registration required",True,False
1026,Seaview C Development,,Food pantry (groceries),FOOD_PANTRY,PUBLISHED,155- 175 Friendship Lane,,Mid Island,NY,10314,40.5945746,-74.1311164,America/New_York,,(718) 447-6330,False,False,True,,,0.92,,1,12,,,True,True
cl55nmxkf2482784dyf1tr48orc,Sky Light Center,,Food pantry (groceries),FOOD_PANTRY,PUBLISHED,307 Saint Marks Place,,Mid Island,NY,10301,40.6426025,-74.0782146,America/New_York,https://www.hungryonstatenisland.com/area10301.htm,(718) 720-2585,False,False,True,,,0.85,2.896551724137931,35,41,,"ID required,Must bring own bags/cart",True,True
cmewzejwd01ba13gwh2vrmcuc,Skyline Community Garden,,Food pantry (groceries),FOOD_PANTRY,PUBLISHED,1 Clyde Place,,New Brighton,NY,10301,40.6397425,-74.089919,America/New_York,https://www.hungryonstatenisland.com/area10301.htm,,False,False,True,,,0.76,3,1,3,,,True,True
1118,South Shore Food Pantry - St. Paul's,Call +1 (718) 227-2485 to make an appointment,Food pantry (groceries),FOOD_PANTRY,PUBLISHED,7558 Amboy Rd,,New York,NY,10307,40.508483,-74.2474155,America/New_York,https://stpaulsumcsi.org/ministries/,(718) 227-2485,True,True,True,,,0.8,,0,20,,Call in advance for services,False,False
1226,St. Edward Food Pantry / Mount Loretto Friendship Club,"Open every Friday except 5th Friday of the month 
Winters time 11am to 2pm
Summer time 10am to 1PM",Food pantry (groceries),FOOD_PANTRY,PUBLISHED,6581 Hylan Blvd,,New York,NY,10309,40.5107611,-74.2203748,America/New_York,https://www.facebook.com/StEdwardFoodPantry/,(718) 984-1625,False,False,True,1,MONTH,0.89,,1,15,,"ID required,Call in advance for services",True,True
cmiufdc12076zvoee4emu1xll,St. John's Food Pantry:,each month (holidays may impact schedule).,Food pantry (groceries),FOOD_PANTRY,PUBLISHED,1333 Bay Street,,Rosebank,NY,10305,40.6112482,-74.063357,America/New_York,,(718) 447-1605,False,False,True,,,0.58,,0,3,,,True,True
cmiucptuv06rc5agxf5851nq3,St. Joseph's Church,,Food pantry (groceries),FOOD_PANTRY,PUBLISHED,463 Tompkins Avenue,,Rosebank,NY,10305,40.6145036,-74.0724438,America/New_York,,(718) 447-6330,False,False,True,,,0.58,,0,3,,,True,True
1445,St. Peter's,,Food pantry (groceries),FOOD_PANTRY,UNAVAILABLE,53 St Marks Place,,Staten Island,NY,10301,40.647102,-74.084358,America/New_York,https://assumptionstpaulsi.com/,(718) 447-6330,False,False,True,,,0.5,,0,2,,,True,False
claoftu220002la0f5w3s7ezd,St. Peter's Church Food Pantry,On-site registration required,Food pantry (groceries),FOOD_PANTRY,PUBLISHED,53 Saint Marks Place,,Mid Island,NY,10301,40.64710170000001,-74.0843624,America/New_York,https://assumptionstpaulsi.com/food-pantry,(718) 727-2672,False,False,True,,,0.78,2.5217391304347827,27,29,,"Registration required,Diapers/baby essentials may be available",True,True
ckz1bj9fv70233mztp303pflf,Stapleton UAME Church,,Soup kitchen (ready-to-eat meals),SOUP_KITCHEN,PUBLISHED,49 Tompkins Avenue,,Clifton,NY,10304,40.6233935,-74.078685,America/New_York,https://www.stapletonuamechurch.org/,(718) 925-7205,False,False,True,,,0.97,2.4210526315789473,23,39,,"ID required,Proof of address required",True,True
1211,Staten Island Community Partnership,- They are currently doing a summer tour which means they are distributing food at different locations and you are therefore advised to call ahead to confirm the  distribution location.,Food pantry (groceries),FOOD_PANTRY,PUBLISHED,119 Tompkins Ave,,New York,NY,10304,40.621429,-74.077515,America/New_York,https://sicommunitypartnership.org/,(929) 321-3151,False,False,True,,,0.96,2.25,4,13,,Call in advance for services,True,True
cmiufgvya07dczxedp69qcisq,Staten Island Liberian Community,,Food pantry (groceries),FOOD_PANTRY,PUBLISHED,180 Park Hill Avenue,,Park Hill,NY,10304,40.6148639,-74.08163619999999,America/New_York,,(646) 996-8736,False,False,True,,,0.58,,0,0,,,True,True
ckz6jiwwr004204z6yngdlstk,Staten Island Liberian Community Association,,Food pantry (groceries),FOOD_PANTRY,UNAVAILABLE,180 Park Hill Avenue,LC,Park Hill,NY,10304,40.6148349,-74.0817049,America/New_York,,(828) 582-5410,False,False,True,,,0.76,,0,0,,,False,False
cl6d67ww1000604wymrvwo2pp,Staten Island Liberian Community Food Pantry,,Food pantry (groceries),FOOD_PANTRY,UNAVAILABLE,180 Park Hill Ave,,Staten Island,NY,10304,40.619446,-74.081009,America/New_York,,(718) 447-6330,False,False,True,,,0.88,2,1,6,,,True,False
1310,Staten Island SDA Food Pantry,,Food pantry (groceries),FOOD_PANTRY,PUBLISHED,80 Union Ave,,Staten Island,NY,10303,40.634773,-74.15831,America/New_York,https://statenislandny.adventistchurch.org,(718) 442-4806,False,False,True,,,0.98,2.375,11,22,,"ID required,First come, first serve: open until food runs out",True,True
1213,Staten Island Services,,Food pantry (groceries),FOOD_PANTRY,UNAVAILABLE,11 Sampson Ave,,New York,NY,10308,40.5524141,-74.1495387,America/New_York,https://hitesite.org/resource/6206,(718) 356-5050,False,False,True,,,0.45,,0,0,,,False,False
cmiufjc6f07tdx2frnhlbgqs6,The Church That Never Closes,,Food pantry (groceries),FOOD_PANTRY,PUBLISHED,239 Seguine Avenue,,Prince's Bay,NY,10309,40.5208991,-74.1974339,America/New_York,,(718) 984-7274,False,False,True,,,0.58,,1,2,,,True,True
cmj0hmjpo0fmo1nfhznrfc93a,The Pride Center of Staten Island,Are you in need of a coat or winter gear? Stop by and browse a wide selection of winter garments for you and your family. First come first serve. Hosted by Pride Center of Staten Island & Senator Jessica Scarcella-Spanton.,Food pantry (groceries),FOOD_PANTRY,PUBLISHED,66 Willow Avenue,,Rosebank,NY,10305,40.61808449999999,-74.07121289999999,America/New_York,https://www.pridecentersi.org/pc-calendar/2025/12/12/winter-coats-available-for-all-ages-62ym4,,False,False,True,,,0.68,,0,6,,,False,False
ckz1fn8ws175893mzth4qirorb,The Salvation Army Stapleton Corps,,Soup kitchen (ready-to-eat meals),SOUP_KITCHEN,PUBLISHED,15 Broad Street,,Stapleton Heights,NY,10304,40.6257974,-74.0757021,America/New_York,,(718) 448-8480,False,True,True,,,0.92,2.4285714285714284,9,22,,"ID required,Proof of address required,Call in advance for services",True,True
1397,The Salvation Army: Port Richmond Corps,,Food pantry (groceries),FOOD_PANTRY,PUBLISHED,1295 Forest Avenue,2F,Staten Island,NY,10302,40.626591,-74.133102,America/New_York,https://newyork.salvationarmy.org/location/port-richmond-corps/,(718) 442-2145,False,True,True,1,MONTH,0.98,2.5,10,21,,"ID required,Proof of address required,Registration required",True,True
clk7tuf2m01jvzsnwwtvomnyz,The Village - A Chance In Life,,Food pantry (groceries),FOOD_PANTRY,PUBLISHED,1100 Castleton Ave,,Staten Island,NY,10310,40.634216,-74.119293,America/New_York,www.achanceinlife.org,(718) 749-0909,False,False,True,,,0.75,2,2,37,,,True,True
1237,Trinity Evangelical Lutheran Church - Food Pantry,On-site registration required,Food pantry (groceries),FOOD_PANTRY,PUBLISHED,716 Route 25A,,New York,NY,10304,42.0995492,-71.2527348,America/New_York,http://www.thefishchurch.com,(631) 744-9355,False,False,True,,,0.89,,0,8,,"ID required,Registration required",True,True
ckz1a4i0c19163mzt60at21hf,Trinity Lutheran Church,,Soup kitchen (ready-to-eat meals),SOUP_KITCHEN,PUBLISHED,309 Saint Pauls Avenue,,Stapleton Heights,NY,10304,40.6302137,-74.0810942,America/New_York,https://trinitylutheransi.com,(718) 447-0526,False,False,True,,,0.84,2.555555555555556,11,15,,,True,True
cmiudj200078j1jee7gk6nwg0,Trinity Lutheran Church,,Food pantry (groceries),FOOD_PANTRY,PUBLISHED,175 Beach Street,,,NY,10304,40.6299286,-74.0812289,America/New_York,,(718) 447-0526,False,False,True,,,0.55,2.5,2,1,,,True,True
cmiuflj7h079c3zfmgh4m5m1r,United Church of Praise International Ministries,,Food pantry (groceries),FOOD_PANTRY,PUBLISHED,32 Sands Street,,Stapleton Heights,NY,10304,40.6290283,-74.0758132,America/New_York,,(718) 314-8779 OR (646) 229-4079,False,False,True,,,0.58,,0,0,,,True,True
1327,United Church of Praise Intl. Ministries,,Food pantry (groceries),FOOD_PANTRY,PUBLISHED,487 Vanderbilt Avenue,,Staten Island,NY,10304,40.6145783,-74.085807,America/New_York,www.unitedchurchint.com,(718) 314-8779,False,False,True,,,0.93,,0,9,,ID required,True,True
cmkhwga5000l3um3jz3o2yg5d,Urban Fairies of SICO Free Market,,Food pantry (groceries),FOOD_PANTRY,PUBLISHED,4 Minthorne St,,Staten Island,NY,10301,40.63728,-74.07563,America/New_York,Www.urbanfairiesofsi.community,(917) 580-5978,False,False,True,,,0.45,,0,1,,,False,False
1478,West Brighton Senior Center at NYCHA West Brighton Houses,"The programs provide nutritious meals, exercise, art and culture programs, recreational activities, and health services to Staten Islanders age 60+.  Meals are healthy and made fresh.  Transportation to the centers is provided upon availability.  Social Service Case Assistance is offered to members to help maintain benefits, services and resources.",Food pantry (groceries),FOOD_PANTRY,UNAVAILABLE,230 Broadway,,Staten Island,NY,10310,40.634396,-74.117332,America/New_York,https://cc-si.org/programs/,(718) 447-6330,False,False,True,,,0.99,3,1,21,,"ID required,First come, first serve: open until food runs out",True,False
